team_id,team_display_name,team_abbreviation,team_logo,conference_id,conference_name,conference_short_name
2000,Abilene Christian Wildcats,ACU,https://a.espncdn.com/i/teamlogos/ncaa/500/2000.png,30,Western Athletic Conference,WAC
2005,Air Force Falcons,AF,https://a.espncdn.com/i/teamlogos/ncaa/500/2005.png,44,Mountain West Conference,Mountain West
2006,Akron Zips,AKR,https://a.espncdn.com/i/teamlogos/ncaa/500/2006.png,14,Mid-American Conference,MAC
2010,Alabama A&M Bulldogs,AAMU,https://a.espncdn.com/i/teamlogos/ncaa/500/2010.png,26,Southwestern Athletic Conference,SWAC
333,Alabama Crimson Tide,ALA,https://a.espncdn.com/i/teamlogos/ncaa/500/333.png,23,Southeastern Conference,SEC
2011,Alabama State Hornets,ALST,https://a.espncdn.com/i/teamlogos/ncaa/500/2011.png,26,Southwestern Athletic Conference,SWAC
2016,Alcorn State Braves,ALCN,https://a.espncdn.com/i/teamlogos/ncaa/500/2016.png,26,Southwestern Athletic Conference,SWAC
484,Alice Lloyd College Eagles,AL,,,,
44,American University Eagles,AMER,https://a.espncdn.com/i/teamlogos/ncaa/500/44.png,22,Patriot League,Patriot
2023,Anderson (IN) Ravens,ANIN,https://a.espncdn.com/i/teamlogos/ncaa/500/2023.png,,,
2026,App State Mountaineers,APP,https://a.espncdn.com/i/teamlogos/ncaa/500/2026.png,27,Sun Belt Conference,Sun Belt
3111,Apprentice School Builders,APPRE,,,,
486,Aquinas Saints,AQUI,,,,
9,Arizona State Sun Devils,ASU,https://a.espncdn.com/i/teamlogos/ncaa/500/9.png,8,Big 12 Conference,Big 12
12,Arizona Wildcats,ARIZ,https://a.espncdn.com/i/teamlogos/ncaa/500/12.png,8,Big 12 Conference,Big 12
2027,Arkansas Baptist Buffaloes,ARBA,,,,
8,Arkansas Razorbacks,ARK,https://a.espncdn.com/i/teamlogos/ncaa/500/8.png,23,Southeastern Conference,SEC
2032,Arkansas State Red Wolves,ARST,https://a.espncdn.com/i/teamlogos/ncaa/500/2032.png,27,Sun Belt Conference,Sun Belt
2029,Arkansas-Pine Bluff Golden Lions,UAPB,https://a.espncdn.com/i/teamlogos/ncaa/500/2029.png,26,Southwestern Athletic Conference,SWAC
3166,Arlington Baptist Patriots,ABU,,,,
349,Army Black Knights,ARMY,https://a.espncdn.com/i/teamlogos/ncaa/500/349.png,22,Patriot League,Patriot
2036,Asbury Eagles,ASBUR,,,,
2,Auburn Tigers,AUB,https://a.espncdn.com/i/teamlogos/ncaa/500/2.png,23,Southeastern Conference,SEC
2040,Auburn-Montgomery Senators,AUM,,,,
2041,Augusta Jaguars,AUGUS,,,,
2046,Austin Peay Governors,APSU,https://a.espncdn.com/i/teamlogos/ncaa/500/2046.png,46,ASUN Conference,ASUN
2047,Averett Cougars,AVER,https://a.espncdn.com/i/teamlogos/ncaa/500/2047.png,,,
2048,Avila Eagles,AVILA,,,,
252,BYU Cougars,BYU,https://a.espncdn.com/i/teamlogos/ncaa/500/252.png,8,Big 12 Conference,Big 12
188,Baldwin Wallace Yellow Jackets,BALW,https://a.espncdn.com/i/teamlogos/ncaa/500/188.png,,,
2050,Ball State Cardinals,BALL,https://a.espncdn.com/i/teamlogos/ncaa/500/2050.png,14,Mid-American Conference,MAC
239,Baylor Bears,BAY,https://a.espncdn.com/i/teamlogos/ncaa/500/239.png,8,Big 12 Conference,Big 12
91,Bellarmine Knights,BELL,https://a.espncdn.com/i/teamlogos/ncaa/500/91.png,46,ASUN Conference,ASUN
2057,Belmont Bruins,BEL,https://a.espncdn.com/i/teamlogos/ncaa/500/2057.png,18,Missouri Valley Conference,MVC
110031,Benedictine (AZ) Redhawks,BENU,,,,
5345,Benedictine University (IL) Eagles,BENILL,,,,
2062,Bethany (WV) Bison,BCWV,https://a.espncdn.com/i/teamlogos/ncaa/500/2062.png,,,
2064,Bethel (TN) Wildcats,BETHTN,https://a.espncdn.com/i/teamlogos/ncaa/500/2064.png,,,
3246,Bethesda University Flames,BTHS,,,,
2065,Bethune-Cookman Wildcats,BCU,https://a.espncdn.com/i/teamlogos/ncaa/500/2065.png,26,Southwestern Athletic Conference,SWAC
2066,Binghamton Bearcats,BING,https://a.espncdn.com/i/teamlogos/ncaa/500/2066.png,1,America East Conference,Am. East
2070,Blackburn Beavers,BLACKBURN,,,,
495,Bluefield University Ramblin' Rams,BLU,,,,
2074,Bluffton Beavers,BLUFFTON,https://a.espncdn.com/i/teamlogos/ncaa/500/2074.png,,,
3243,Bob Jones Bruins,BOBJ,https://a.espncdn.com/i/teamlogos/ncaa/500/3243.png,,,
68,Boise State Broncos,BOIS,https://a.espncdn.com/i/teamlogos/ncaa/500/68.png,44,Mountain West Conference,Mountain West
103,Boston College Eagles,BC,https://a.espncdn.com/i/teamlogos/ncaa/500/103.png,2,Atlantic Coast Conference,ACC
104,Boston University Terriers,BU,https://a.espncdn.com/i/teamlogos/ncaa/500/104.png,22,Patriot League,Patriot
340,Bowdoin Polar Bears,BOW,https://a.espncdn.com/i/teamlogos/ncaa/500/340.png,,,
2075,Bowie State Bulldogs,BOWE,https://a.espncdn.com/i/teamlogos/ncaa/500/2075.png,,,
189,Bowling Green Falcons,BGSU,https://a.espncdn.com/i/teamlogos/ncaa/500/189.png,14,Mid-American Conference,MAC
109700,Boyce Bulldogs,BOY,,,,
71,Bradley Braves,BRAD,https://a.espncdn.com/i/teamlogos/ncaa/500/71.png,18,Missouri Valley Conference,MVC
2855,Brescia Bearcats,BRESC,,,,
2913,Brevard Tornados,BRE,https://a.espncdn.com/i/teamlogos/ncaa/500/2913.png,,,
2077,Brewton-Parker Wildcats,BREW,,,,
225,Brown Bears,BRWN,https://a.espncdn.com/i/teamlogos/ncaa/500/225.png,12,Ivy League,Ivy
2081,Bryan (TN) Lions,BRTN,,,,
2803,Bryant Bulldogs,BRY,https://a.espncdn.com/i/teamlogos/ncaa/500/2803.png,1,America East Conference,Am. East
109684,Bryn Athyn Lions,BRYN,,,,
2083,Bucknell Bison,BUCK,https://a.espncdn.com/i/teamlogos/ncaa/500/2083.png,22,Patriot League,Patriot
2084,Buffalo Bulls,BUF,https://a.espncdn.com/i/teamlogos/ncaa/500/2084.png,14,Mid-American Conference,MAC
2086,Butler Bulldogs,BUT,https://a.espncdn.com/i/teamlogos/ncaa/500/2086.png,4,Big East Conference,Big East
3216,Cairn University Highlanders,CAIRN,,,,
500,Cal Maritime Keelhaulers,CALMA,,,,
13,Cal Poly Mustangs,CP,https://a.espncdn.com/i/teamlogos/ncaa/500/13.png,9,Big West Conference,Big West
2934,Cal State Bakersfield Roadrunners,CSUB,https://a.espncdn.com/i/teamlogos/ncaa/500/2934.png,9,Big West Conference,Big West
2239,Cal State Fullerton Titans,CSUF,https://a.espncdn.com/i/teamlogos/ncaa/500/2239.png,9,Big West Conference,Big West
2463,Cal State Northridge Matadors,CSUN,https://a.espncdn.com/i/teamlogos/ncaa/500/2463.png,9,Big West Conference,Big West
2856,California Baptist Lancers,CBU,https://a.espncdn.com/i/teamlogos/ncaa/500/2856.png,30,Western Athletic Conference,WAC
25,California Golden Bears,CAL,https://a.espncdn.com/i/teamlogos/ncaa/500/25.png,2,Atlantic Coast Conference,ACC
502,Calumet Crimson Wave,CSJ,,,,
111176,Calvary Warriors,CAL,,,,
2097,Campbell Fighting Camels,CAM,https://a.espncdn.com/i/teamlogos/ncaa/500/2097.png,10,Coastal Athletic Association,CAA
2098,Campbellsville Tigers,CBVU,,,,
111921,Campbellsville-Harrodsburg Pioneers,CBHD,,,,
2099,Canisius Golden Griffins,CAN,https://a.espncdn.com/i/teamlogos/ncaa/500/2099.png,13,Metro Atlantic Athletic Conference,MAAC
424,Capital Crusaders,CAPITAL,https://a.espncdn.com/i/teamlogos/ncaa/500/424.png,,,
128326,Carolina Christian College Centurions,CAR,,,,
108942,Carolina University Bruins,CU,,,,
2110,Central Arkansas Bears,CARK,https://a.espncdn.com/i/teamlogos/ncaa/500/2110.png,46,ASUN Conference,ASUN
2115,Central Connecticut Blue Devils,CCSU,https://a.espncdn.com/i/teamlogos/ncaa/500/2115.png,19,Northeast Conference,NEC
2117,Central Michigan Chippewas,CMU,https://a.espncdn.com/i/teamlogos/ncaa/500/2117.png,14,Mid-American Conference,MAC
3164,Central Penn Knights,CPC,,,,
2119,Central State (OH) Marauders,CSO,https://a.espncdn.com/i/teamlogos/ncaa/500/2119.png,,,
2123,Chadron State Eagles,CHAD,https://a.espncdn.com/i/teamlogos/ncaa/500/2123.png,,,
3134,Champion Christian Tigers,CHCC,,,,
411,Chapman Panthers,CHA,https://a.espncdn.com/i/teamlogos/ncaa/500/411.png,,,
232,Charleston Cougars,COFC,https://a.espncdn.com/i/teamlogos/ncaa/500/232.png,10,Coastal Athletic Association,CAA
2127,Charleston Southern Buccaneers,CHSO,https://a.espncdn.com/i/teamlogos/ncaa/500/2127.png,6,Big South Conference,Big South
2429,Charlotte 49ers,CLT,https://a.espncdn.com/i/teamlogos/ncaa/500/2429.png,62,American Conference,American
110412,Chatham University Cougars,CHA,,,,
236,Chattanooga Mocs,UTC,https://a.espncdn.com/i/teamlogos/ncaa/500/236.png,24,Southern Conference,SoCon
469,Chestnut Hill College Griffins,CHC,,,,
2129,Cheyney (PA) Wolves,CHEY,,,,
2130,Chicago State Cougars,CHST,https://a.espncdn.com/i/teamlogos/ncaa/500/2130.png,19,Northeast Conference,NEC
111180,Christendom Crusaders,CTDM,,,,
2132,Cincinnati Bearcats,CIN,https://a.espncdn.com/i/teamlogos/ncaa/500/2132.png,8,Big 12 Conference,Big 12
128438,Cleary University Cougars,CLRY,,,,
228,Clemson Tigers,CLEM,https://a.espncdn.com/i/teamlogos/ncaa/500/228.png,2,Atlantic Coast Conference,ACC
325,Cleveland State Vikings,CLE,https://a.espncdn.com/i/teamlogos/ncaa/500/325.png,45,Horizon League,Horizon
324,Coastal Carolina Chanticleers,CCU,https://a.espncdn.com/i/teamlogos/ncaa/500/324.png,27,Sun Belt Conference,Sun Belt
3189,Coastal Georgia Mariner,COGA,,,,
35,Colby-Sawyer Chargers,CSC,,,,
2142,Colgate Raiders,COLG,https://a.espncdn.com/i/teamlogos/ncaa/500/2142.png,22,Patriot League,Patriot
128256,College Of Biblical Studies Ambassadors,CBS,,,,
38,Colorado Buffaloes,COLO,https://a.espncdn.com/i/teamlogos/ncaa/500/38.png,8,Big 12 Conference,Big 12
2862,Colorado Christian Cougars,COCU,,,,
2144,Colorado College Tigers,COLC,https://a.espncdn.com/i/teamlogos/ncaa/500/2144.png,,,
36,Colorado State Rams,CSU,https://a.espncdn.com/i/teamlogos/ncaa/500/36.png,44,Mountain West Conference,Mountain West
2145,Colorado-Colorado Springs Mountain Lions,UCCS,https://a.espncdn.com/i/teamlogos/ncaa/500/2145.png,,,
130401,Columbia College (SC) Fighting Koalas,CCSC,,,,
3242,Columbia International Rams,CIU,,,,
171,Columbia Lions,COLU,https://a.espncdn.com/i/teamlogos/ncaa/500/171.png,12,Ivy League,Ivy
2985,Concordia-Ann Arbor Cardinals,CONCMI,,,,
3066,Concordia-St. Paul Golden Bears,CONCSTP,https://a.espncdn.com/i/teamlogos/ncaa/500/3066.png,,,
2154,Coppin State Eagles,COPP,https://a.espncdn.com/i/teamlogos/ncaa/500/2154.png,16,Mid-Eastern Athletic Conference,MEAC
3106,Corban College Warriors,CORB,https://a.espncdn.com/i/teamlogos/ncaa/500/3106.png,,,
172,Cornell Big Red,COR,https://a.espncdn.com/i/teamlogos/ncaa/500/172.png,12,Ivy League,Ivy
156,Creighton Bluejays,CREI,https://a.espncdn.com/i/teamlogos/ncaa/500/156.png,4,Big East Conference,Big East
3168,Crowley's Ridge Pioneers,CROWL,,,,
509,Crown College Polars,CRWN,https://a.espncdn.com/i/teamlogos/ncaa/500/509.png,,,
511,Cumberland (KY) Patriots,CUMB,,,,
513,Dakota Wesleyan Tigers,DWU,,,,
2937,Dallas Christian Crusaders,DALLA,,,,
2163,Dallas Crusaders,DALL,,,,
3247,Dalton State Roadrunners,DALTO,,,,
159,Dartmouth Big Green,DART,https://a.espncdn.com/i/teamlogos/ncaa/500/159.png,12,Ivy League,Ivy
3092,Davenport Panthers,DVPT,https://a.espncdn.com/i/teamlogos/ncaa/500/3092.png,,,
2166,Davidson Wildcats,DAV,https://a.espncdn.com/i/teamlogos/ncaa/500/2166.png,3,Atlantic 10 Conference,A-10
2167,Davis & Elkins Senators,DVEK,,,,
2168,Dayton Flyers,DAY,https://a.espncdn.com/i/teamlogos/ncaa/500/2168.png,3,Atlantic 10 Conference,A-10
305,DePaul Blue Demons,DEP,https://a.espncdn.com/i/teamlogos/ncaa/500/305.png,4,Big East Conference,Big East
110411,Dean College Bulldogs,DEAN,https://a.espncdn.com/i/teamlogos/ncaa/500/110411.png,,,
190,Defiance Yellow Jackets,DFC,https://a.espncdn.com/i/teamlogos/ncaa/500/190.png,,,
48,Delaware Blue Hens,DEL,https://a.espncdn.com/i/teamlogos/ncaa/500/48.png,10,Coastal Athletic Association,CAA
2169,Delaware State Hornets,DSU,https://a.espncdn.com/i/teamlogos/ncaa/500/2169.png,16,Mid-Eastern Athletic Conference,MEAC
2172,Denver Pioneers,DEN,https://a.espncdn.com/i/teamlogos/ncaa/500/2172.png,49,Summit League,Summit
2174,Detroit Mercy Titans,DETM,https://a.espncdn.com/i/teamlogos/ncaa/500/2174.png,45,Horizon League,Horizon
2175,Dickinson (PA) Red Devils,DIC,https://a.espncdn.com/i/teamlogos/ncaa/500/2175.png,,,
316,Dickinson State (ND) Blue Hawks,DSSU,,,,
2176,Dillard Blue Devils,DLRD,,,,
2177,District Of Columbia Firebirds,UDC,,,,
2181,Drake Bulldogs,DRKE,https://a.espncdn.com/i/teamlogos/ncaa/500/2181.png,18,Missouri Valley Conference,MVC
2182,Drexel Dragons,DREX,https://a.espncdn.com/i/teamlogos/ncaa/500/2182.png,10,Coastal Athletic Association,CAA
49,Dubuque Spartans,DUB,https://a.espncdn.com/i/teamlogos/ncaa/500/49.png,,,
150,Duke Blue Devils,DUKE,https://a.espncdn.com/i/teamlogos/ncaa/500/150.png,2,Atlantic Coast Conference,ACC
2184,Duquesne Dukes,DUQ,https://a.espncdn.com/i/teamlogos/ncaa/500/2184.png,3,Atlantic 10 Conference,A-10
2189,Earlham College Quakers,EARL,,,,
151,East Carolina Pirates,ECU,https://a.espncdn.com/i/teamlogos/ncaa/500/151.png,62,American Conference,American
2193,East Tennessee State Buccaneers,ETSU,https://a.espncdn.com/i/teamlogos/ncaa/500/2193.png,24,Southern Conference,SoCon
2837,East Texas A&M Lions,ETAM,https://a.espncdn.com/i/teamlogos/ncaa/500/2837.png,25,Southland Conference,Southland
3107,East-West University Phantoms,EAWE,,,,
2197,Eastern Illinois Panthers,EIU,https://a.espncdn.com/i/teamlogos/ncaa/500/2197.png,20,Ohio Valley Conference,OVC
2198,Eastern Kentucky Colonels,EKU,https://a.espncdn.com/i/teamlogos/ncaa/500/2198.png,46,ASUN Conference,ASUN
2199,Eastern Michigan Eagles,EMU,https://a.espncdn.com/i/teamlogos/ncaa/500/2199.png,14,Mid-American Conference,MAC
2202,Eastern Oregon Mountaineers,EOU,,,,
331,Eastern Washington Eagles,EWU,https://a.espncdn.com/i/teamlogos/ncaa/500/331.png,5,Big Sky Conference,Big Sky
3120,Ecclesia Royals,ECCL,,,,
2206,Edward Waters Tigers,EDW,https://a.espncdn.com/i/teamlogos/ncaa/500/2206.png,,,
2207,Elizabeth City State Vikings,ECSU,https://a.espncdn.com/i/teamlogos/ncaa/500/2207.png,,,
111948,Elms College Blazers,ELMS,,,,
2210,Elon Phoenix,ELON,https://a.espncdn.com/i/teamlogos/ncaa/500/2210.png,10,Coastal Athletic Association,CAA
111226,Embry-Riddle (AZ) Eagles,ERAZ,,,,
108842,Emerson Lions,EMER,,,,
130199,Endicott College Gulls,END,,,,
2215,Erskine Flying Fleet,ERSK,,,,
101,Eureka Red Devils,ERKA,https://a.espncdn.com/i/teamlogos/ncaa/500/101.png,,,
339,Evansville Purple Aces,EVAN,https://a.espncdn.com/i/teamlogos/ncaa/500/339.png,18,Missouri Valley Conference,MVC
2866,Evergreen State Geoducks,ESC,,,,
2217,Fairfield Stags,FAIR,https://a.espncdn.com/i/teamlogos/ncaa/500/2217.png,13,Metro Atlantic Athletic Conference,MAAC
161,Fairleigh Dickinson Knights,FDU,https://a.espncdn.com/i/teamlogos/ncaa/500/161.png,19,Northeast Conference,NEC
366,Ferrum Panthers,FC,https://a.espncdn.com/i/teamlogos/ncaa/500/366.png,,,
524,Fisher College Eagles,FISH,,,,
2225,Fisk Bulldogs,FISK,https://a.espncdn.com/i/teamlogos/ncaa/500/2225.png,,,
50,Florida A&M Rattlers,FAMU,https://a.espncdn.com/i/teamlogos/ncaa/500/50.png,26,Southwestern Athletic Conference,SWAC
2226,Florida Atlantic Owls,FAU,https://a.espncdn.com/i/teamlogos/ncaa/500/2226.png,62,American Conference,American
57,Florida Gators,FLA,https://a.espncdn.com/i/teamlogos/ncaa/500/57.png,23,Southeastern Conference,SEC
526,Florida Gulf Coast Eagles,FGCU,https://a.espncdn.com/i/teamlogos/ncaa/500/526.png,46,ASUN Conference,ASUN
2229,Florida International Panthers,FIU,https://a.espncdn.com/i/teamlogos/ncaa/500/2229.png,11,Conference USA,CUSA
107730,Florida National Conquistadors,FNU,,,,
52,Florida State Seminoles,FSU,https://a.espncdn.com/i/teamlogos/ncaa/500/52.png,2,Atlantic Coast Conference,ACC
53,Florida Tech Panthers,FIT,https://a.espncdn.com/i/teamlogos/ncaa/500/53.png,,,
2230,Fordham Rams,FOR,https://a.espncdn.com/i/teamlogos/ncaa/500/2230.png,3,Atlantic 10 Conference,A-10
123362,Fort Lauderdale Eagles,UFTL,,,,
2232,Fort Valley State Wildcats,FVSU,https://a.espncdn.com/i/teamlogos/ncaa/500/2232.png,,,
126956,Framingham State Rams,FRA,,,,
111170,Franciscan University Barons,FRN,,,,
2233,Franklin Grizzlies,FRKL,https://a.espncdn.com/i/teamlogos/ncaa/500/2233.png,,,
144,Franklin Pierce Ravens,FPU,https://a.espncdn.com/i/teamlogos/ncaa/500/144.png,,,
2902,Fredonia State Blue Devils,FRE,,,,
278,Fresno State Bulldogs,FRES,https://a.espncdn.com/i/teamlogos/ncaa/500/278.png,44,Mountain West Conference,Mountain West
128218,Friends University Falcons,FRU,,,,
341,Frostburg State Bobcats,FSTU,https://a.espncdn.com/i/teamlogos/ncaa/500/341.png,,,
231,Furman Paladins,FUR,https://a.espncdn.com/i/teamlogos/ncaa/500/231.png,24,Southern Conference,SoCon
417,Gallaudet Bison,GLDT,https://a.espncdn.com/i/teamlogos/ncaa/500/417.png,,,
2241,Gardner-Webb Runnin' Bulldogs,GWEB,https://a.espncdn.com/i/teamlogos/ncaa/500/2241.png,6,Big South Conference,Big South
2244,George Mason Patriots,GMU,https://a.espncdn.com/i/teamlogos/ncaa/500/2244.png,3,Atlantic 10 Conference,A-10
45,George Washington Revolutionaries,GW,https://a.espncdn.com/i/teamlogos/ncaa/500/45.png,3,Atlantic 10 Conference,A-10
46,Georgetown Hoyas,GTWN,https://a.espncdn.com/i/teamlogos/ncaa/500/46.png,4,Big East Conference,Big East
61,Georgia Bulldogs,UGA,https://a.espncdn.com/i/teamlogos/ncaa/500/61.png,23,Southeastern Conference,SEC
290,Georgia Southern Eagles,GASO,https://a.espncdn.com/i/teamlogos/ncaa/500/290.png,27,Sun Belt Conference,Sun Belt
2247,Georgia State Panthers,GAST,https://a.espncdn.com/i/teamlogos/ncaa/500/2247.png,27,Sun Belt Conference,Sun Belt
59,Georgia Tech Yellow Jackets,GT,https://a.espncdn.com/i/teamlogos/ncaa/500/59.png,2,Atlantic Coast Conference,ACC
111179,Georgian Court Lions,GCTU,,,,
2250,Gonzaga Bulldogs,GONZ,https://a.espncdn.com/i/teamlogos/ncaa/500/2250.png,29,West Coast Conference,WCC
3067,Goshen Maple Leafs,GOSHE,,,,
2755,Grambling Tigers,GRAM,https://a.espncdn.com/i/teamlogos/ncaa/500/2755.png,26,Southwestern Athletic Conference,SWAC
2253,Grand Canyon Lopes,GCU,https://a.espncdn.com/i/teamlogos/ncaa/500/2253.png,30,Western Athletic Conference,WAC
2739,Green Bay Phoenix,GB,https://a.espncdn.com/i/teamlogos/ncaa/500/2739.png,45,Horizon League,Horizon
461,Gwynedd-Mercy Griffins,GWYD,,,,
2261,Hampton Pirates,HAMP,https://a.espncdn.com/i/teamlogos/ncaa/500/2261.png,10,Coastal Athletic Association,CAA
533,Hannibal-Lagrange Trojans,HLGU,,,,
2810,Hardin-Simmons Cowboys,HARDSIM,https://a.espncdn.com/i/teamlogos/ncaa/500/2810.png,,,
534,Harris-Stowe State Hornets,HSSU,,,,
108,Harvard Crimson,HARV,https://a.espncdn.com/i/teamlogos/ncaa/500/108.png,12,Ivy League,Ivy
535,Haskell Jayhawks,HSKL,,,,
2267,Hawai'i Hilo Vulcans,HAWH,,,,
2269,Hawai'i Pacific Sea Warriors,HAWAIIPAC,,,,
62,Hawai'i Rainbow Warriors,HAW,https://a.espncdn.com/i/teamlogos/ncaa/500/62.png,9,Big West Conference,Big West
191,Heidelberg Student Princes,HDBG,https://a.espncdn.com/i/teamlogos/ncaa/500/191.png,,,
2272,High Point Panthers,HPU,https://a.espncdn.com/i/teamlogos/ncaa/500/2272.png,6,Big South Conference,Big South
2275,Hofstra Pride,HOF,https://a.espncdn.com/i/teamlogos/ncaa/500/2275.png,10,Coastal Athletic Association,CAA
103524,Holy Cross College (IN) Saints,HCC,,,,
107,Holy Cross Crusaders,HC,https://a.espncdn.com/i/teamlogos/ncaa/500/107.png,22,Patriot League,Patriot
420,Holy Family University Tigers,HFU,https://a.espncdn.com/i/teamlogos/ncaa/500/420.png,,,
538,Houghton Highlanders,HOUGH,,,,
2277,Houston Christian Huskies,HCU,https://a.espncdn.com/i/teamlogos/ncaa/500/2277.png,25,Southland Conference,Southland
248,Houston Cougars,HOU,https://a.espncdn.com/i/teamlogos/ncaa/500/248.png,8,Big 12 Conference,Big 12
47,Howard Bison,HOW,https://a.espncdn.com/i/teamlogos/ncaa/500/47.png,16,Mid-Eastern Athletic Conference,MEAC
2758,Howard Payne Yellow Jackets,HWPU,https://a.espncdn.com/i/teamlogos/ncaa/500/2758.png,,,
130262,IU Columbus Crimson Pride,IUC,,,,
85,IU Indianapolis Jaguars,IUIN,https://a.espncdn.com/i/teamlogos/ncaa/500/85.png,45,Horizon League,Horizon
304,Idaho State Bengals,IDST,https://a.espncdn.com/i/teamlogos/ncaa/500/304.png,5,Big Sky Conference,Big Sky
70,Idaho Vandals,IDHO,https://a.espncdn.com/i/teamlogos/ncaa/500/70.png,5,Big Sky Conference,Big Sky
356,Illinois Fighting Illini,ILL,https://a.espncdn.com/i/teamlogos/ncaa/500/356.png,7,Big Ten Conference,Big Ten
2287,Illinois State Redbirds,ILST,https://a.espncdn.com/i/teamlogos/ncaa/500/2287.png,18,Missouri Valley Conference,MVC
107554,Immaculata Mighty Macs,IMM,,,,
2916,Incarnate Word Cardinals,UIW,https://a.espncdn.com/i/teamlogos/ncaa/500/2916.png,25,Southland Conference,Southland
84,Indiana Hoosiers,IU,https://a.espncdn.com/i/teamlogos/ncaa/500/84.png,7,Big Ten Conference,Big Ten
282,Indiana State Sycamores,INST,https://a.espncdn.com/i/teamlogos/ncaa/500/282.png,18,Missouri Valley Conference,MVC
314,Iona Gaels,IONA,https://a.espncdn.com/i/teamlogos/ncaa/500/314.png,13,Metro Atlantic Athletic Conference,MAAC
2294,Iowa Hawkeyes,IOWA,https://a.espncdn.com/i/teamlogos/ncaa/500/2294.png,7,Big Ten Conference,Big Ten
66,Iowa State Cyclones,ISU,https://a.espncdn.com/i/teamlogos/ncaa/500/66.png,8,Big 12 Conference,Big 12
2296,Jackson State Tigers,JKST,https://a.espncdn.com/i/teamlogos/ncaa/500/2296.png,26,Southwestern Athletic Conference,SWAC
294,Jacksonville Dolphins,JAX,https://a.espncdn.com/i/teamlogos/ncaa/500/294.png,46,ASUN Conference,ASUN
55,Jacksonville State Gamecocks,JXST,https://a.espncdn.com/i/teamlogos/ncaa/500/55.png,11,Conference USA,CUSA
256,James Madison Dukes,JMU,https://a.espncdn.com/i/teamlogos/ncaa/500/256.png,27,Sun Belt Conference,Sun Belt
2939,Jamestown Jimmies,UJ,,,,
3078,Jessup University Warriors,JSP,,,,
212,John Jay College Bloodhounds,JJC,,,,
128336,John Melvin Millers,JOH,,,,
353,Johnson & Wales (RI) Griffins,JOHNS,,,,
3239,Johnson University (TN) Royals,JSU,,,,
546,Judson University Eagles,JUDU,,,,
130183,Justice College Lions,JUSC,,,,
123410,Kansas Christian Falcons,KCC,,,,
140,Kansas City Roos,KC,https://a.espncdn.com/i/teamlogos/ncaa/500/140.png,49,Summit League,Summit
2305,Kansas Jayhawks,KU,https://a.espncdn.com/i/teamlogos/ncaa/500/2305.png,8,Big 12 Conference,Big 12
2306,Kansas State Wildcats,KSU,https://a.espncdn.com/i/teamlogos/ncaa/500/2306.png,8,Big 12 Conference,Big 12
2871,Kean Cougars,KEAN,https://a.espncdn.com/i/teamlogos/ncaa/500/2871.png,,,
338,Kennesaw State Owls,KENN,https://a.espncdn.com/i/teamlogos/ncaa/500/338.png,11,Conference USA,CUSA
2309,Kent State Golden Flashes,KENT,https://a.espncdn.com/i/teamlogos/ncaa/500/2309.png,14,Mid-American Conference,MAC
3077,Kentucky Christian Knights,KCU,,,,
2310,Kentucky State Thorobreds,KYSU,https://a.espncdn.com/i/teamlogos/ncaa/500/2310.png,,,
2316,Kentucky Wesleyan Panthers,KYWESL,https://a.espncdn.com/i/teamlogos/ncaa/500/2316.png,,,
96,Kentucky Wildcats,UK,https://a.espncdn.com/i/teamlogos/ncaa/500/96.png,23,Southeastern Conference,SEC
108817,LSU Alexandria Bull Terriers,LSUA,,,,
99,LSU Tigers,LSU,https://a.espncdn.com/i/teamlogos/ncaa/500/99.png,23,Southeastern Conference,SEC
2325,La Salle Explorers,LAS,https://a.espncdn.com/i/teamlogos/ncaa/500/2325.png,3,Atlantic 10 Conference,A-10
3167,La Sierra Golden Eagles,LSIU,,,,
2318,La Verne Leopards,LAVERNE,https://a.espncdn.com/i/teamlogos/ncaa/500/2318.png,,,
548,LaGrange Panthers,LGC,https://a.espncdn.com/i/teamlogos/ncaa/500/548.png,,,
322,Lafayette Leopards,LAF,https://a.espncdn.com/i/teamlogos/ncaa/500/322.png,22,Patriot League,Patriot
267,Lakeland Muskies,LAKEL,,,,
2320,Lamar Cardinals,LAM,https://a.espncdn.com/i/teamlogos/ncaa/500/2320.png,25,Southland Conference,Southland
123306,Lancasater Bible College Chargers,LBC,,,,
6371,Lane College Dragons,LANE,,,,
2330,Le Moyne Dolphins,LEM,https://a.espncdn.com/i/teamlogos/ncaa/500/2330.png,19,Northeast Conference,NEC
2326,LeTourneau Yellow Jackets,LETU,https://a.espncdn.com/i/teamlogos/ncaa/500/2326.png,,,
2329,Lehigh Mountain Hawks,LEH,https://a.espncdn.com/i/teamlogos/ncaa/500/2329.png,22,Patriot League,Patriot
130190,Lehman College Bridges,LHMN,,,,
477,Lesley University Lynx,LZX,,,,
2333,Lewis & Clark Pioneers,LC,https://a.espncdn.com/i/teamlogos/ncaa/500/2333.png,,,
2335,Liberty Flames,LIB,https://a.espncdn.com/i/teamlogos/ncaa/500/2335.png,11,Conference USA,CUSA
109670,Life Pacific Warriors,LPU,,,,
2876,Lincoln (MO) Blue Tigers,LNMO,https://a.espncdn.com/i/teamlogos/ncaa/500/2876.png,,,
124946,Lincoln University (CA) Oaklanders,LINCOLNCA,,,,
2815,Lindenwood Lions,LIN,https://a.espncdn.com/i/teamlogos/ncaa/500/2815.png,20,Ohio Valley Conference,OVC
2877,Lindsey Wilson Blue Raiders,LWU,,,,
288,Lipscomb Bisons,LIP,https://a.espncdn.com/i/teamlogos/ncaa/500/288.png,46,ASUN Conference,ASUN
2031,Little Rock Trojans,LR,https://a.espncdn.com/i/teamlogos/ncaa/500/2031.png,20,Ohio Valley Conference,OVC
2940,Livingstone Blue Bears,LIV,https://a.espncdn.com/i/teamlogos/ncaa/500/2940.png,,,
299,Long Beach State Beach,LBSU,https://a.espncdn.com/i/teamlogos/ncaa/500/299.png,9,Big West Conference,Big West
112358,Long Island University Sharks,LIU,https://a.espncdn.com/i/teamlogos/ncaa/500/112358.png,19,Northeast Conference,NEC
2344,Longwood Lancers,LONG,https://a.espncdn.com/i/teamlogos/ncaa/500/2344.png,6,Big South Conference,Big South
2347,Louisiana Christian Wildcats,LCHR,,,,
309,Louisiana Ragin' Cajuns,UL,https://a.espncdn.com/i/teamlogos/ncaa/500/309.png,27,Sun Belt Conference,Sun Belt
2348,Louisiana Tech Bulldogs,LT,https://a.espncdn.com/i/teamlogos/ncaa/500/2348.png,11,Conference USA,CUSA
97,Louisville Cardinals,LOU,https://a.espncdn.com/i/teamlogos/ncaa/500/97.png,2,Atlantic Coast Conference,ACC
2350,Loyola Chicago Ramblers,LUC,https://a.espncdn.com/i/teamlogos/ncaa/500/2350.png,3,Atlantic 10 Conference,A-10
2352,Loyola Maryland Greyhounds,L-MD,https://a.espncdn.com/i/teamlogos/ncaa/500/2352.png,22,Patriot League,Patriot
2351,Loyola Marymount Lions,LMU,https://a.espncdn.com/i/teamlogos/ncaa/500/2351.png,29,West Coast Conference,WCC
100,Loyola New Orleans Wolfpack,LOLA,,,,
2355,Lynchburg Hornets,LYNCHBURG,,,,
124851,MARIAN Sabres,MAR,,,,
311,Maine Black Bears,ME,https://a.espncdn.com/i/teamlogos/ncaa/500/311.png,1,America East Conference,Am. East
126890,Maine-Augusta Moose,MAI,,,,
554,Maine-Fort Kent Bengals,UMFK,,,,
2363,Manhattan Jaspers,MAN,https://a.espncdn.com/i/teamlogos/ncaa/500/2363.png,13,Metro Atlantic Athletic Conference,MAAC
2879,Manhattanville Valiants,MANHA,,,,
130196,Manor College Blue Jays,MANR,,,,
2365,Mansfield Mountaineers,MNFD,https://a.espncdn.com/i/teamlogos/ncaa/500/2365.png,,,
2368,Marist Red Foxes,MRST,https://a.espncdn.com/i/teamlogos/ncaa/500/2368.png,13,Metro Atlantic Athletic Conference,MAAC
269,Marquette Golden Eagles,MARQ,https://a.espncdn.com/i/teamlogos/ncaa/500/269.png,4,Big East Conference,Big East
276,Marshall Thundering Herd,MRSH,https://a.espncdn.com/i/teamlogos/ncaa/500/276.png,27,Sun Belt Conference,Sun Belt
124942,Mary Baldwin Fighting Squirrels,MARY,,,,
2379,Maryland Eastern Shore Hawks,UMES,https://a.espncdn.com/i/teamlogos/ncaa/500/2379.png,16,Mid-Eastern Athletic Conference,MEAC
120,Maryland Terrapins,MD,https://a.espncdn.com/i/teamlogos/ncaa/500/120.png,7,Big Ten Conference,Big Ten
2373,Maryville College (TN) Fighting Scots,MRYVILTN,https://a.espncdn.com/i/teamlogos/ncaa/500/2373.png,,,
2374,Marywood Pacers,MWD,,,,
113,Massachusetts Minutemen,MASS,https://a.espncdn.com/i/teamlogos/ncaa/500/113.png,3,Atlantic 10 Conference,A-10
2660,Massachusetts-Boston Beacons,MBOS,,,,
241,McMurry War Hawks,MCM,https://a.espncdn.com/i/teamlogos/ncaa/500/241.png,,,
2377,McNeese Cowboys,MCN,https://a.espncdn.com/i/teamlogos/ncaa/500/2377.png,25,Southland Conference,Southland
2380,Medgar Evers Cougars,MDEV,,,,
235,Memphis Tigers,MEM,https://a.espncdn.com/i/teamlogos/ncaa/500/235.png,62,American Conference,American
2381,Menlo Oaks,MENLO,,,,
2382,Mercer Bears,MER,https://a.espncdn.com/i/teamlogos/ncaa/500/2382.png,24,Southern Conference,SoCon
2383,Merchant Marine Academy Mariners,MERCHMAR,https://a.espncdn.com/i/teamlogos/ncaa/500/2383.png,,,
2384,Mercy Mavericks,MRCY,,,,
2385,Mercyhurst Lakers,MERC,https://a.espncdn.com/i/teamlogos/ncaa/500/2385.png,19,Northeast Conference,NEC
2771,Merrimack Warriors,MRMK,https://a.espncdn.com/i/teamlogos/ncaa/500/2771.png,13,Metro Atlantic Athletic Conference,MAAC
193,Miami (OH) RedHawks,M-OH,https://a.espncdn.com/i/teamlogos/ncaa/500/193.png,14,Mid-American Conference,MAC
124809,Miami (OH)-Hamilton Harriers,MHAM,,,,
2390,Miami Hurricanes,MIA,https://a.espncdn.com/i/teamlogos/ncaa/500/2390.png,2,Atlantic Coast Conference,ACC
127,Michigan State Spartans,MSU,https://a.espncdn.com/i/teamlogos/ncaa/500/127.png,7,Big Ten Conference,Big Ten
2392,Michigan Tech Huskies,MTU,https://a.espncdn.com/i/teamlogos/ncaa/500/2392.png,,,
130,Michigan Wolverines,MICH,https://a.espncdn.com/i/teamlogos/ncaa/500/130.png,7,Big Ten Conference,Big Ten
3126,Mid-America Christian Evangels,MIDACU,,,,
108806,Mid-Atlantic Christian Mustangs,MATC,,,,
109014,Middle Georgia State Knights,MID,,,,
2393,Middle Tennessee Blue Raiders,MTSU,https://a.espncdn.com/i/teamlogos/ncaa/500/2393.png,11,Conference USA,CUSA
111166,Midway University Eagles,MIDW,,,,
2397,Milligan Buffaloes,MILLI,,,,
270,Milwaukee Panthers,MILW,https://a.espncdn.com/i/teamlogos/ncaa/500/270.png,45,Horizon League,Horizon
2772,Minnesota Crookston Golden Eagles,MNCR,,,,
135,Minnesota Golden Gophers,MINN,https://a.espncdn.com/i/teamlogos/ncaa/500/135.png,7,Big Ten Conference,Big Ten
111902,Misericordia Cougars,MISE,,,,
2401,Mississippi College Choctaws,MSCO,https://a.espncdn.com/i/teamlogos/ncaa/500/2401.png,,,
344,Mississippi State Bulldogs,MSST,https://a.espncdn.com/i/teamlogos/ncaa/500/344.png,23,Southeastern Conference,SEC
126826,Mississippi University For Women Owls,MUW,,,,
2400,Mississippi Valley State Delta Devils,MVSU,https://a.espncdn.com/i/teamlogos/ncaa/500/2400.png,26,Southwestern Athletic Conference,SWAC
6760,Missouri S&T Miners,M-ST,,,,
2403,Missouri Southern State Lions,MOSSTC,https://a.espncdn.com/i/teamlogos/ncaa/500/2403.png,,,
2623,Missouri State Bears,MOST,https://a.espncdn.com/i/teamlogos/ncaa/500/2623.png,18,Missouri Valley Conference,MVC
142,Missouri Tigers,MIZ,https://a.espncdn.com/i/teamlogos/ncaa/500/142.png,23,Southeastern Conference,SEC
108838,Mitchell College Mariners,MITC,,,,
2920,Mobile Rams,MOBIL,,,,
2919,Monmouth (IL) Fighting Scots,MONMIL,https://a.espncdn.com/i/teamlogos/ncaa/500/2919.png,,,
2405,Monmouth Hawks,MONM,https://a.espncdn.com/i/teamlogos/ncaa/500/2405.png,10,Coastal Athletic Association,CAA
149,Montana Grizzlies,MONT,https://a.espncdn.com/i/teamlogos/ncaa/500/149.png,5,Big Sky Conference,Big Sky
147,Montana State Bobcats,MTST,https://a.espncdn.com/i/teamlogos/ncaa/500/147.png,5,Big Sky Conference,Big Sky
148,Montana Tech Orediggers,MTTC,,,,
2410,Montreat Cavaliers,MNTT,https://a.espncdn.com/i/teamlogos/ncaa/500/2410.png,,,
2413,Morehead State Eagles,MORE,https://a.espncdn.com/i/teamlogos/ncaa/500/2413.png,20,Ohio Valley Conference,OVC
60,Morehouse Maroon Tigers,MRHO,https://a.espncdn.com/i/teamlogos/ncaa/500/60.png,,,
2415,Morgan State Bears,MORG,https://a.espncdn.com/i/teamlogos/ncaa/500/2415.png,16,Mid-Eastern Athletic Conference,MEAC
571,Morris College Hornets,MRRS,,,,
111943,Mount Aloysius Mounties,MOU,,,,
573,Mount Marty College Lancers,MTM,,,,
2418,Mount Olive Trojans,MO,,,,
289,Mount Saint Mary (NY) Knights,MSM,,,,
116,Mount St. Mary's Mountaineers,MSM,https://a.espncdn.com/i/teamlogos/ncaa/500/116.png,13,Metro Atlantic Athletic Conference,MAAC
93,Murray State Racers,MUR,https://a.espncdn.com/i/teamlogos/ncaa/500/93.png,18,Missouri Valley Conference,MVC
332,Muskingum Fighting Muskies,MUS,https://a.espncdn.com/i/teamlogos/ncaa/500/332.png,,,
152,NC State Wolfpack,NCSU,https://a.espncdn.com/i/teamlogos/ncaa/500/152.png,2,Atlantic Coast Conference,ACC
286,NC Wesleyan Battling Bishops,NCW,https://a.espncdn.com/i/teamlogos/ncaa/500/286.png,,,
2885,NJIT Highlanders,NJIT,https://a.espncdn.com/i/teamlogos/ncaa/500/2885.png,1,America East Conference,Am. East
2426,Navy Midshipmen,NAVY,https://a.espncdn.com/i/teamlogos/ncaa/500/2426.png,22,Patriot League,Patriot
110426,Nazareth College Golden Flyers,NAZ,,,,
158,Nebraska Cornhuskers,NEB,https://a.espncdn.com/i/teamlogos/ncaa/500/158.png,7,Big Ten Conference,Big Ten
112679,Nelson Lions,NEL,,,,
422,Neumann Knights,NEU,,,,
2440,Nevada Wolf Pack,NEV,https://a.espncdn.com/i/teamlogos/ncaa/500/2440.png,44,Mountain West Conference,Mountain West
128550,New College (FL) Mighty Banyans,NCF,,,,
160,New Hampshire Wildcats,UNH,https://a.espncdn.com/i/teamlogos/ncaa/500/160.png,1,America East Conference,Am. East
2424,New Mexico Highlands Cowboys,NMHU,https://a.espncdn.com/i/teamlogos/ncaa/500/2424.png,,,
167,New Mexico Lobos,UNM,https://a.espncdn.com/i/teamlogos/ncaa/500/167.png,44,Mountain West Conference,Mountain West
166,New Mexico State Aggies,NMSU,https://a.espncdn.com/i/teamlogos/ncaa/500/166.png,11,Conference USA,CUSA
2443,New Orleans Privateers,UNO,https://a.espncdn.com/i/teamlogos/ncaa/500/2443.png,25,Southland Conference,Southland
2444,Newberry Wolves,NBRY,https://a.espncdn.com/i/teamlogos/ncaa/500/2444.png,,,
315,Niagara Purple Eagles,NIA,https://a.espncdn.com/i/teamlogos/ncaa/500/315.png,13,Metro Atlantic Athletic Conference,MAAC
2447,Nicholls Colonels,NICH,https://a.espncdn.com/i/teamlogos/ncaa/500/2447.png,25,Southland Conference,Southland
130201,Nobel Knights,NOB,,,,
2450,Norfolk State Spartans,NORF,https://a.espncdn.com/i/teamlogos/ncaa/500/2450.png,16,Mid-Eastern Athletic Conference,MEAC
2453,North Alabama Lions,UNA,https://a.espncdn.com/i/teamlogos/ncaa/500/2453.png,46,ASUN Conference,ASUN
2448,North Carolina A&T Aggies,NCAT,https://a.espncdn.com/i/teamlogos/ncaa/500/2448.png,10,Coastal Athletic Association,CAA
2428,North Carolina Central Eagles,NCCU,https://a.espncdn.com/i/teamlogos/ncaa/500/2428.png,16,Mid-Eastern Athletic Conference,MEAC
153,North Carolina Tar Heels,UNC,https://a.espncdn.com/i/teamlogos/ncaa/500/153.png,2,Atlantic Coast Conference,ACC
121894,North Central (MN) Rams,NCU,,,,
3071,North Central College Cardinals,NCC,https://a.espncdn.com/i/teamlogos/ncaa/500/3071.png,,,
155,North Dakota Fighting Hawks,UND,https://a.espncdn.com/i/teamlogos/ncaa/500/155.png,49,Summit League,Summit
2449,North Dakota State Bison,NDSU,https://a.espncdn.com/i/teamlogos/ncaa/500/2449.png,49,Summit League,Summit
2454,North Florida Ospreys,UNF,https://a.espncdn.com/i/teamlogos/ncaa/500/2454.png,46,ASUN Conference,ASUN
2822,North Greenville Crusaders,NGU,https://a.espncdn.com/i/teamlogos/ncaa/500/2822.png,,,
249,North Texas Mean Green,UNT,https://a.espncdn.com/i/teamlogos/ncaa/500/249.png,62,American Conference,American
111,Northeastern Huskies,NE,https://a.espncdn.com/i/teamlogos/ncaa/500/111.png,10,Coastal Athletic Association,CAA
196,Northeastern State RiverHawks,NEO,https://a.espncdn.com/i/teamlogos/ncaa/500/196.png,,,
2464,Northern Arizona Lumberjacks,NAU,https://a.espncdn.com/i/teamlogos/ncaa/500/2464.png,5,Big Sky Conference,Big Sky
2458,Northern Colorado Bears,UNCO,https://a.espncdn.com/i/teamlogos/ncaa/500/2458.png,5,Big Sky Conference,Big Sky
2459,Northern Illinois Huskies,NIU,https://a.espncdn.com/i/teamlogos/ncaa/500/2459.png,14,Mid-American Conference,MAC
2460,Northern Iowa Panthers,UNI,https://a.espncdn.com/i/teamlogos/ncaa/500/2460.png,18,Missouri Valley Conference,MVC
94,Northern Kentucky Norse,NKU,https://a.espncdn.com/i/teamlogos/ncaa/500/94.png,45,Horizon League,Horizon
3141,Northern New Mexico Eagles,NNMC,https://a.espncdn.com/i/teamlogos/ncaa/500/3141.png,,,
3218,Northwest Indian RedHawks,NWIC,https://a.espncdn.com/i/teamlogos/ncaa/500/3218.png,,,
2465,Northwest University Eagles,NWWA,,,,
2466,Northwestern State Demons,NWST,https://a.espncdn.com/i/teamlogos/ncaa/500/2466.png,25,Southland Conference,Southland
77,Northwestern Wildcats,NU,https://a.espncdn.com/i/teamlogos/ncaa/500/77.png,7,Big Ten Conference,Big Ten
128342,Notre Dame (MD) Gators,NDMD,,,,
87,Notre Dame Fighting Irish,ND,https://a.espncdn.com/i/teamlogos/ncaa/500/87.png,2,Atlantic Coast Conference,ACC
2473,Oakland Golden Grizzlies,OAK,https://a.espncdn.com/i/teamlogos/ncaa/500/2473.png,45,Horizon League,Horizon
3083,Oakwood Ambassadors,OAKWO,,,,
2475,Occidental Tigers,OXY,,,,
2476,Oglethorpe Stormy Petrels,OGLET,,,,
195,Ohio Bobcats,OHIO,https://a.espncdn.com/i/teamlogos/ncaa/500/195.png,14,Mid-American Conference,MAC
3121,Ohio Christian Trailblazers,OHCU,,,,
194,Ohio State Buckeyes,OSU,https://a.espncdn.com/i/teamlogos/ncaa/500/194.png,7,Big Ten Conference,Big Ten
2980,Ohio Wesleyan Battling Bishops,OWU,https://a.espncdn.com/i/teamlogos/ncaa/500/2980.png,,,
201,Oklahoma Sooners,OU,https://a.espncdn.com/i/teamlogos/ncaa/500/201.png,23,Southeastern Conference,SEC
197,Oklahoma State Cowboys,OKST,https://a.espncdn.com/i/teamlogos/ncaa/500/197.png,8,Big 12 Conference,Big 12
295,Old Dominion Monarchs,ODU,https://a.espncdn.com/i/teamlogos/ncaa/500/295.png,27,Sun Belt Conference,Sun Belt
16231,Old Westbury Panthers,OLDW,,,,
145,Ole Miss Rebels,MISS,https://a.espncdn.com/i/teamlogos/ncaa/500/145.png,23,Southeastern Conference,SEC
2437,Omaha Mavericks,OMA,https://a.espncdn.com/i/teamlogos/ncaa/500/2437.png,49,Summit League,Summit
198,Oral Roberts Golden Eagles,ORU,https://a.espncdn.com/i/teamlogos/ncaa/500/198.png,49,Summit League,Summit
2483,Oregon Ducks,ORE,https://a.espncdn.com/i/teamlogos/ncaa/500/2483.png,7,Big Ten Conference,Big Ten
204,Oregon State Beavers,ORST,https://a.espncdn.com/i/teamlogos/ncaa/500/204.png,29,West Coast Conference,WCC
2888,Ouachita Baptist Tigers,OBU,https://a.espncdn.com/i/teamlogos/ncaa/500/2888.png,,,
3158,Our Lady Of The Lake Saints,OLLU,,,,
127162,Ozark Christian Ambassadors,OCC,,,,
205,Pacific (OR) Boxers,PAC,https://a.espncdn.com/i/teamlogos/ncaa/500/205.png,,,
279,Pacific Tigers,PAC,https://a.espncdn.com/i/teamlogos/ncaa/500/279.png,29,West Coast Conference,WCC
123350,Park University Gilbert Buccaneers,PUGB,,,,
2491,Paul Quinn Tigers,PQC,,,,
111942,Penn State - Wilkes-Barre Mountain Lions,PSWILKES,,,,
213,Penn State Nittany Lions,PSU,https://a.espncdn.com/i/teamlogos/ncaa/500/213.png,7,Big Ten Conference,Big Ten
130198,Penn State Scranton Nittany Lions,PSSC,,,,
478,Penn State-Altoona Nittany Lions,PSAL,,,,
130197,Penn State-Fayette Nittany Lions,PSF,,,,
128344,Penn State-Schuylkill Nittany Lions,PSUS,,,,
130195,Penn State-Shenango Nittany Lions,PEN,,,,
112706,Penn State-York Nittany Lions,PSUY,,,,
219,Pennsylvania Quakers,PENN,https://a.espncdn.com/i/teamlogos/ncaa/500/219.png,12,Ivy League,Ivy
2492,Pepperdine Waves,PEPP,https://a.espncdn.com/i/teamlogos/ncaa/500/2492.png,29,West Coast Conference,WCC
2945,Pfeiffer Falcons,PFEI,,,,
2496,Piedmont Lions,PIEDM,,,,
221,Pittsburgh Panthers,PITT,https://a.espncdn.com/i/teamlogos/ncaa/500/221.png,2,Atlantic Coast Conference,ACC
220,Pittsburgh-Bradford Panthers,PB,,,,
177,Plattsburgh St Cardinals,PLAT,,,,
2932,Point University Skyhawks,PONT,,,,
2501,Portland Pilots,PORT,https://a.espncdn.com/i/teamlogos/ncaa/500/2501.png,29,West Coast Conference,WCC
2502,Portland State Vikings,PRST,https://a.espncdn.com/i/teamlogos/ncaa/500/2502.png,5,Big Sky Conference,Big Sky
2504,Prairie View A&M Panthers,PV,https://a.espncdn.com/i/teamlogos/ncaa/500/2504.png,26,Southwestern Athletic Conference,SWAC
2505,Pratt Cannoneers,PRAT,,,,
2506,Presbyterian Blue Hose,PRES,https://a.espncdn.com/i/teamlogos/ncaa/500/2506.png,6,Big South Conference,Big South
163,Princeton Tigers,PRIN,https://a.espncdn.com/i/teamlogos/ncaa/500/163.png,12,Ivy League,Ivy
2507,Providence Friars,PROV,https://a.espncdn.com/i/teamlogos/ncaa/500/2507.png,4,Big East Conference,Big East
2889,Puerto Rico-Bayamon Pirates,PUERT,,,,
2503,Puerto Rico-Mayaguez Bulldogs,PRMAYA,,,,
435,Puerto Rico-Rio Piedras Gallitos,PRRP,,,,
3103,Purchase Panthers,PCH,,,,
2509,Purdue Boilermakers,PUR,https://a.espncdn.com/i/teamlogos/ncaa/500/2509.png,7,Big Ten Conference,Big Ten
2870,Purdue Fort Wayne Mastodons,PFW,https://a.espncdn.com/i/teamlogos/ncaa/500/2870.png,45,Horizon League,Horizon
368,Purdue Northwest Pride,PNW,https://a.espncdn.com/i/teamlogos/ncaa/500/368.png,,,
2511,Queens University Royals,QUC,https://a.espncdn.com/i/teamlogos/ncaa/500/2511.png,46,ASUN Conference,ASUN
2514,Quinnipiac Bobcats,QUIN,https://a.espncdn.com/i/teamlogos/ncaa/500/2514.png,13,Metro Atlantic Athletic Conference,MAAC
2515,Radford Highlanders,RAD,https://a.espncdn.com/i/teamlogos/ncaa/500/2515.png,6,Big South Conference,Big South
3090,Randall University Saints,RAND,,,,
3153,Randolph College Wildcats,RDPH,,,,
2516,Randolph-Macon Yellow Jackets,RAN,https://a.espncdn.com/i/teamlogos/ncaa/500/2516.png,,,
111926,Regent Royals,RGNT,,,,
2517,Regis Pride,RGIS,,,,
227,Rhode Island Rams,URI,https://a.espncdn.com/i/teamlogos/ncaa/500/227.png,3,Atlantic 10 Conference,A-10
2519,Rhodes Lynx,RHO,https://a.espncdn.com/i/teamlogos/ncaa/500/2519.png,,,
242,Rice Owls,RICE,https://a.espncdn.com/i/teamlogos/ncaa/500/242.png,62,American Conference,American
257,Richmond Spiders,RICH,https://a.espncdn.com/i/teamlogos/ncaa/500/257.png,3,Atlantic 10 Conference,A-10
2520,Rider Broncs,RID,https://a.espncdn.com/i/teamlogos/ncaa/500/2520.png,13,Metro Atlantic Athletic Conference,MAAC
111913,Rivier Raiders,RIV,https://a.espncdn.com/i/teamlogos/ncaa/500/111913.png,,,
2523,Robert Morris Colonials,RMU,https://a.espncdn.com/i/teamlogos/ncaa/500/2523.png,45,Horizon League,Horizon
2524,Rockford Regents,ROCKF,https://a.espncdn.com/i/teamlogos/ncaa/500/2524.png,,,
3122,Rogers State Hillcats,ROGER,,,,
465,Rosemont Ravens,ROSE,,,,
2892,Rust Bearcats,RUST ,,,,
164,Rutgers Scarlet Knights,RUTG,https://a.espncdn.com/i/teamlogos/ncaa/500/164.png,7,Big Ten Conference,Big Ten
2545,SE Louisiana Lions,SELA,https://a.espncdn.com/i/teamlogos/ncaa/500/2545.png,25,Southland Conference,Southland
2565,SIU Edwardsville Cougars,SIUE,https://a.espncdn.com/i/teamlogos/ncaa/500/2565.png,20,Ohio Valley Conference,OVC
2567,SMU Mustangs,SMU,https://a.espncdn.com/i/teamlogos/ncaa/500/2567.png,2,Atlantic Coast Conference,ACC
126848,SUNY Delhi Broncos,SNYD,,,,
18131,SUNY Poly Wildcats,SUNYPI,,,,
2781,SUNY-Brockport Golden Eagles,SNYB,https://a.espncdn.com/i/teamlogos/ncaa/500/2781.png,,,
111947,SUNY-Canton Roos,NYCA,,,,
2951,SUNY-Maritime Privateers,SM,https://a.espncdn.com/i/teamlogos/ncaa/500/2951.png,,,
355,SUNY-Oneonta Red Dragons,SUNO,,,,
16,Sacramento State Hornets,SAC,https://a.espncdn.com/i/teamlogos/ncaa/500/16.png,5,Big Sky Conference,Big Sky
2529,Sacred Heart Pioneers,SHU,https://a.espncdn.com/i/teamlogos/ncaa/500/2529.png,13,Metro Atlantic Athletic Conference,MAAC
2598,Saint Francis Red Flash,SFPA,https://a.espncdn.com/i/teamlogos/ncaa/500/2598.png,19,Northeast Conference,NEC
2603,Saint Joseph's Hawks,JOES,https://a.espncdn.com/i/teamlogos/ncaa/500/2603.png,3,Atlantic 10 Conference,A-10
3196,Saint Josephs Long Island Golden Eagles,SJLI,,,,
139,Saint Louis Billikens,SLU,https://a.espncdn.com/i/teamlogos/ncaa/500/139.png,3,Atlantic 10 Conference,A-10
126824,Saint Mary of the Woods College Pomeroys,SMWC,,,,
2899,Saint Mary's (MN) Cardinals,SMMN,,,,
2608,Saint Mary's Gaels,SMC,https://a.espncdn.com/i/teamlogos/ncaa/500/2608.png,29,West Coast Conference,WCC
2612,Saint Peter's Peacocks,SPU,https://a.espncdn.com/i/teamlogos/ncaa/500/2612.png,13,Metro Atlantic Athletic Conference,MAAC
2534,Sam Houston Bearkats,SHSU,https://a.espncdn.com/i/teamlogos/ncaa/500/2534.png,11,Conference USA,CUSA
2535,Samford Bulldogs,SAM,https://a.espncdn.com/i/teamlogos/ncaa/500/2535.png,24,Southern Conference,SoCon
21,San Diego State Aztecs,SDSU,https://a.espncdn.com/i/teamlogos/ncaa/500/21.png,44,Mountain West Conference,Mountain West
301,San Diego Toreros,USD,https://a.espncdn.com/i/teamlogos/ncaa/500/301.png,29,West Coast Conference,WCC
2539,San Francisco Dons,SF,https://a.espncdn.com/i/teamlogos/ncaa/500/2539.png,29,West Coast Conference,WCC
22,San Francisco State Gators,SFST,,,,
23,San José State Spartans,SJSU,https://a.espncdn.com/i/teamlogos/ncaa/500/23.png,44,Mountain West Conference,Mountain West
2541,Santa Clara Broncos,SCU,https://a.espncdn.com/i/teamlogos/ncaa/500/2541.png,29,West Coast Conference,WCC
108862,Sarah Lawrence Gryphons,SLC,,,,
2544,Schreiner Mountaineers,SCHRE,,,,
2548,Seattle Pacific Falcons,SEAP,https://a.espncdn.com/i/teamlogos/ncaa/500/2548.png,,,
2547,Seattle U Redhawks,SEA,https://a.espncdn.com/i/teamlogos/ncaa/500/2547.png,30,Western Athletic Conference,WAC
2550,Seton Hall Pirates,HALL,https://a.espncdn.com/i/teamlogos/ncaa/500/2550.png,4,Big East Conference,Big East
2893,Shawnee State Bears,SHAWN,,,,
2562,Siena Heights Saints,SHTU,,,,
2561,Siena Saints,SIE,https://a.espncdn.com/i/teamlogos/ncaa/500/2561.png,13,Metro Atlantic Athletic Conference,MAAC
6,South Alabama Jaguars,USA,https://a.espncdn.com/i/teamlogos/ncaa/500/6.png,27,Sun Belt Conference,Sun Belt
2579,South Carolina Gamecocks,SC,https://a.espncdn.com/i/teamlogos/ncaa/500/2579.png,23,Southeastern Conference,SEC
2569,South Carolina State Bulldogs,SCST,https://a.espncdn.com/i/teamlogos/ncaa/500/2569.png,16,Mid-Eastern Athletic Conference,MEAC
2908,South Carolina Upstate Spartans,UPST,https://a.espncdn.com/i/teamlogos/ncaa/500/2908.png,6,Big South Conference,Big South
233,South Dakota Coyotes,SDAK,https://a.espncdn.com/i/teamlogos/ncaa/500/233.png,49,Summit League,Summit
7298,South Dakota Mines Hardrockers,SDMT,,,,
2571,South Dakota State Jackrabbits,SDST,https://a.espncdn.com/i/teamlogos/ncaa/500/2571.png,49,Summit League,Summit
58,South Florida Bulls,USF,https://a.espncdn.com/i/teamlogos/ncaa/500/58.png,62,American Conference,American
2546,Southeast Missouri State Redhawks,SEMO,https://a.espncdn.com/i/teamlogos/ncaa/500/2546.png,20,Ohio Valley Conference,OVC
79,Southern Illinois Salukis,SIU,https://a.espncdn.com/i/teamlogos/ncaa/500/79.png,18,Missouri Valley Conference,MVC
88,Southern Indiana Screaming Eagles,USI,https://a.espncdn.com/i/teamlogos/ncaa/500/88.png,20,Ohio Valley Conference,OVC
2582,Southern Jaguars,SOU,https://a.espncdn.com/i/teamlogos/ncaa/500/2582.png,26,Southwestern Athletic Conference,SWAC
2572,Southern Miss Golden Eagles,USM,https://a.espncdn.com/i/teamlogos/ncaa/500/2572.png,27,Sun Belt Conference,Sun Belt
2584,Southern Oregon Raiders,SOU,https://a.espncdn.com/i/teamlogos/ncaa/500/2584.png,,,
253,Southern Utah Thunderbirds,SUU,https://a.espncdn.com/i/teamlogos/ncaa/500/253.png,30,Western Athletic Conference,WAC
2896,Southern Virginia Knights,SVA,https://a.espncdn.com/i/teamlogos/ncaa/500/2896.png,,,
2576,Southern Wesleyan Warriors,SWES,,,,
2573,Southern-New Orleans Knights,SUNO,,,,
2588,Southwestern (TX) Pirates,SW,https://a.espncdn.com/i/teamlogos/ncaa/500/2588.png,,,
2903,Southwestern Adventist Knights,SOUTH,,,,
3238,Southwestern Christian Eagles,SWCU,,,,
130241,Spartanburg Methodist Pioneers,SPA,,,,
2590,Spring Hill Badgers,SPRHILL,,,,
81,Springfield Pride,SPR,https://a.espncdn.com/i/teamlogos/ncaa/500/81.png,,,
2591,St. Ambrose Fighting Bees,STA,https://a.espncdn.com/i/teamlogos/ncaa/500/2591.png,,,
2592,St. Andrews Knights,ST. A,https://a.espncdn.com/i/teamlogos/ncaa/500/2592.png,,,
179,St. Bonaventure Bonnies,SBU,https://a.espncdn.com/i/teamlogos/ncaa/500/179.png,3,Atlantic 10 Conference,A-10
66786,St. Elizabeth Eagles,STE,,,,
2595,St. Francis (IL) Fighting Saints,SFIL,,,,
2599,St. John's Red Storm,SJU,https://a.espncdn.com/i/teamlogos/ncaa/500/2599.png,4,Big East Conference,Big East
2832,St. Norbert Green Knights,STN,https://a.espncdn.com/i/teamlogos/ncaa/500/2832.png,,,
3170,St. Thomas (TX) Celts,STTOMTX,,,,
2900,St. Thomas-Minnesota Tommies,STMN,https://a.espncdn.com/i/teamlogos/ncaa/500/2900.png,49,Summit League,Summit
24,Stanford Cardinal,STAN,https://a.espncdn.com/i/teamlogos/ncaa/500/24.png,2,Atlantic Coast Conference,ACC
2616,Stanislaus State Warriors,CSUS,,,,
2617,Stephen F. Austin Lumberjacks,SFA,https://a.espncdn.com/i/teamlogos/ncaa/500/2617.png,25,Southland Conference,Southland
56,Stetson Hatters,STET,https://a.espncdn.com/i/teamlogos/ncaa/500/56.png,46,ASUN Conference,ASUN
284,Stonehill Skyhawks,STO,https://a.espncdn.com/i/teamlogos/ncaa/500/284.png,19,Northeast Conference,NEC
2619,Stony Brook Seawolves,STBK,https://a.espncdn.com/i/teamlogos/ncaa/500/2619.png,10,Coastal Athletic Association,CAA
2834,Sul Ross State Lobos,SUL,https://a.espncdn.com/i/teamlogos/ncaa/500/2834.png,,,
183,Syracuse Orange,SYR,https://a.espncdn.com/i/teamlogos/ncaa/500/183.png,2,Atlantic Coast Conference,ACC
2628,TCU Horned Frogs,TCU,https://a.espncdn.com/i/teamlogos/ncaa/500/2628.png,8,Big 12 Conference,Big 12
619,Tabor,TABOR,,,,
2627,Tarleton State Texans,TAR,https://a.espncdn.com/i/teamlogos/ncaa/500/2627.png,30,Western Athletic Conference,WAC
620,Taylor Trojans,TAY,,,,
218,Temple Owls,TEM,https://a.espncdn.com/i/teamlogos/ncaa/500/218.png,62,American Conference,American
2634,Tennessee State Tigers,TNST,https://a.espncdn.com/i/teamlogos/ncaa/500/2634.png,20,Ohio Valley Conference,OVC
2635,Tennessee Tech Golden Eagles,TNTC,https://a.espncdn.com/i/teamlogos/ncaa/500/2635.png,20,Ohio Valley Conference,OVC
2633,Tennessee Volunteers,TENN,https://a.espncdn.com/i/teamlogos/ncaa/500/2633.png,23,Southeastern Conference,SEC
2632,Tennessee Wesleyan Bulldogs,TWU,,,,
245,Texas A&M Aggies,TA&M,https://a.espncdn.com/i/teamlogos/ncaa/500/245.png,23,Southeastern Conference,SEC
357,Texas A&M-Corpus Christi Islanders,AMCC,https://a.espncdn.com/i/teamlogos/ncaa/500/357.png,25,Southland Conference,Southland
2658,Texas A&M-Kingsville Javelinas,TAMK,https://a.espncdn.com/i/teamlogos/ncaa/500/2658.png,,,
130174,Texas A&M-San Antonio Jaguars,TEX,,,,
123286,Texas A&M-Texarkana Eagles,TAMT,,,,
2637,Texas College Steers,TXCL,,,,
251,Texas Longhorns,TEX,https://a.espncdn.com/i/teamlogos/ncaa/500/251.png,23,Southeastern Conference,SEC
2639,Texas Lutheran Bulldogs,TL,https://a.espncdn.com/i/teamlogos/ncaa/500/2639.png,,,
2640,Texas Southern Tigers,TXSO,https://a.espncdn.com/i/teamlogos/ncaa/500/2640.png,26,Southwestern Athletic Conference,SWAC
326,Texas State Bobcats,TXST,https://a.espncdn.com/i/teamlogos/ncaa/500/326.png,27,Sun Belt Conference,Sun Belt
2641,Texas Tech Red Raiders,TTU,https://a.espncdn.com/i/teamlogos/ncaa/500/2641.png,8,Big 12 Conference,Big 12
2642,Texas Wesleyan Rams,TXWESL,,,,
2643,The Citadel Bulldogs,CIT,https://a.espncdn.com/i/teamlogos/ncaa/500/2643.png,24,Southern Conference,SoCon
2645,Thomas (ME) Terriers,THOMA,,,,
2648,Toccoa Falls Eagles,TF,,,,
2649,Toledo Rockets,TOL,https://a.espncdn.com/i/teamlogos/ncaa/500/2649.png,14,Mid-American Conference,MAC
119,Towson Tigers,TOW,https://a.espncdn.com/i/teamlogos/ncaa/500/119.png,10,Coastal Athletic Association,CAA
3155,Trinity (FL) Tigers,TCFL,,,,
386,Trinity (TX) Tigers,TRINTX,https://a.espncdn.com/i/teamlogos/ncaa/500/386.png,,,
2652,Trinity Christian (IL) Trolls,TRII,https://a.espncdn.com/i/teamlogos/ncaa/500/2652.png,,,
3174,Trinity College of Jacksonville Eagles,TCJ,,,,
2653,Troy Trojans,TROY,https://a.espncdn.com/i/teamlogos/ncaa/500/2653.png,27,Sun Belt Conference,Sun Belt
3245,Truett-McConnell Bears,TMCN,,,,
2655,Tulane Green Wave,TULN,https://a.espncdn.com/i/teamlogos/ncaa/500/2655.png,62,American Conference,American
202,Tulsa Golden Hurricane,TLSA,https://a.espncdn.com/i/teamlogos/ncaa/500/202.png,62,American Conference,American
2839,Tusculum Pioneers,TUS,https://a.espncdn.com/i/teamlogos/ncaa/500/2839.png,,,
5,UAB Blazers,UAB,https://a.espncdn.com/i/teamlogos/ncaa/500/5.png,62,American Conference,American
399,UAlbany Great Danes,UALB,https://a.espncdn.com/i/teamlogos/ncaa/500/399.png,1,America East Conference,Am. East
302,UC Davis Aggies,UCD,https://a.espncdn.com/i/teamlogos/ncaa/500/302.png,9,Big West Conference,Big West
300,UC Irvine Anteaters,UCI,https://a.espncdn.com/i/teamlogos/ncaa/500/300.png,9,Big West Conference,Big West
27,UC Riverside Highlanders,UCR,https://a.espncdn.com/i/teamlogos/ncaa/500/27.png,9,Big West Conference,Big West
28,UC San Diego Tritons,UCSD,https://a.espncdn.com/i/teamlogos/ncaa/500/28.png,9,Big West Conference,Big West
2540,UC Santa Barbara Gauchos,UCSB,https://a.espncdn.com/i/teamlogos/ncaa/500/2540.png,9,Big West Conference,Big West
2116,UCF Knights,UCF,https://a.espncdn.com/i/teamlogos/ncaa/500/2116.png,8,Big 12 Conference,Big 12
26,UCLA Bruins,UCLA,https://a.espncdn.com/i/teamlogos/ncaa/500/26.png,7,Big Ten Conference,Big Ten
41,UConn Huskies,CONN,https://a.espncdn.com/i/teamlogos/ncaa/500/41.png,4,Big East Conference,Big East
82,UIC Flames,UIC,https://a.espncdn.com/i/teamlogos/ncaa/500/82.png,18,Missouri Valley Conference,MVC
2433,UL Monroe Warhawks,ULM,https://a.espncdn.com/i/teamlogos/ncaa/500/2433.png,27,Sun Belt Conference,Sun Belt
2378,UMBC Retrievers,UMBC,https://a.espncdn.com/i/teamlogos/ncaa/500/2378.png,1,America East Conference,Am. East
2349,UMass Lowell River Hawks,UML,https://a.espncdn.com/i/teamlogos/ncaa/500/2349.png,1,America East Conference,Am. East
2427,UNC Asheville Bulldogs,UNCA,https://a.espncdn.com/i/teamlogos/ncaa/500/2427.png,6,Big South Conference,Big South
2430,UNC Greensboro Spartans,UNCG,https://a.espncdn.com/i/teamlogos/ncaa/500/2430.png,24,Southern Conference,SoCon
350,UNC Wilmington Seahawks,UNCW,https://a.espncdn.com/i/teamlogos/ncaa/500/350.png,10,Coastal Athletic Association,CAA
2439,UNLV Rebels,UNLV,https://a.espncdn.com/i/teamlogos/ncaa/500/2439.png,44,Mountain West Conference,Mountain West
126794,UNT Dallas Trailblazers,UNTD,,,,
30,USC Trojans,USC,https://a.espncdn.com/i/teamlogos/ncaa/500/30.png,7,Big Ten Conference,Big Ten
250,UT Arlington Mavericks,UTA,https://a.espncdn.com/i/teamlogos/ncaa/500/250.png,30,Western Athletic Conference,WAC
2905,UT Dallas Comets,UTD,https://a.espncdn.com/i/teamlogos/ncaa/500/2905.png,,,
2630,UT Martin Skyhawks,UTM,https://a.espncdn.com/i/teamlogos/ncaa/500/2630.png,20,Ohio Valley Conference,OVC
3081,UT Permian Basin Falcons,TXPBAS,https://a.espncdn.com/i/teamlogos/ncaa/500/3081.png,,,
292,UT Rio Grande Valley Vaqueros,RGV,https://a.espncdn.com/i/teamlogos/ncaa/500/292.png,25,Southland Conference,Southland
2638,UTEP Miners,UTEP,https://a.espncdn.com/i/teamlogos/ncaa/500/2638.png,11,Conference USA,CUSA
2636,UTSA Roadrunners,UTSA,https://a.espncdn.com/i/teamlogos/ncaa/500/2636.png,62,American Conference,American
2842,UVA Wise Cavaliers,UVAW,https://a.espncdn.com/i/teamlogos/ncaa/500/2842.png,,,
237,Union (TN) Bulldogs,UNI,https://a.espncdn.com/i/teamlogos/ncaa/500/237.png,,,
112686,University of Health Sciences & Pharmacy Eutectics,UHSP,,,,
3154,University of The Southwest Mustangs,USW,,,,
328,Utah State Aggies,USU,https://a.espncdn.com/i/teamlogos/ncaa/500/328.png,44,Mountain West Conference,Mountain West
3101,Utah Tech Trailblazers,UTU,https://a.espncdn.com/i/teamlogos/ncaa/500/3101.png,30,Western Athletic Conference,WAC
254,Utah Utes,UTAH,https://a.espncdn.com/i/teamlogos/ncaa/500/254.png,8,Big 12 Conference,Big 12
3084,Utah Valley Wolverines,UVU,https://a.espncdn.com/i/teamlogos/ncaa/500/3084.png,30,Western Athletic Conference,WAC
2670,VCU Rams,VCU,https://a.espncdn.com/i/teamlogos/ncaa/500/2670.png,3,Atlantic 10 Conference,A-10
2678,VMI Keydets,VMI,https://a.espncdn.com/i/teamlogos/ncaa/500/2678.png,24,Southern Conference,SoCon
110414,Valley Forge Patriots,UVF,,,,
2674,Valparaiso Beacons,VAL,https://a.espncdn.com/i/teamlogos/ncaa/500/2674.png,18,Missouri Valley Conference,MVC
238,Vanderbilt Commodores,VAN,https://a.espncdn.com/i/teamlogos/ncaa/500/238.png,23,Southeastern Conference,SEC
261,Vermont Catamounts,UVM,https://a.espncdn.com/i/teamlogos/ncaa/500/261.png,1,America East Conference,Am. East
126751,Vermont State - Johnson Badgers,VTSJ,,,,
551,Vermont State - Lyndon Hornets,NVERLYND,,,,
130189,Vermont State - Randolph Knights,VER,,,,
222,Villanova Wildcats,VILL,https://a.espncdn.com/i/teamlogos/ncaa/500/222.png,4,Big East Conference,Big East
258,Virginia Cavaliers,UVA,https://a.espncdn.com/i/teamlogos/ncaa/500/258.png,2,Atlantic Coast Conference,ACC
259,Virginia Tech Hokies,VT,https://a.espncdn.com/i/teamlogos/ncaa/500/259.png,2,Atlantic Coast Conference,ACC
2672,Virginia Wesleyan Blue Marlins,VAWESL,,,,
3229,Virginia-Lynchburg Dragons,VUL,,,,
2679,Voorhees Tigers,VRHS,,,,
2749,WPI Engineers,WPI,https://a.espncdn.com/i/teamlogos/ncaa/500/2749.png,,,
2681,Wagner Seahawks,WAG,https://a.espncdn.com/i/teamlogos/ncaa/500/2681.png,19,Northeast Conference,NEC
154,Wake Forest Demon Deacons,WAKE,https://a.espncdn.com/i/teamlogos/ncaa/500/154.png,2,Atlantic Coast Conference,ACC
3080,Waldorf College Warriors,WAL,,,,
3152,Walla Walla Wolves,WLWL,,,,
2683,Warner University Royals,WRNR,,,,
50024,Washington Adventist Shock,WAAD,,,,
2689,Washington College (MD) Shoremen,WCMD,,,,
264,Washington Huskies,WASH,https://a.espncdn.com/i/teamlogos/ncaa/500/264.png,7,Big Ten Conference,Big Ten
265,Washington State Cougars,WSU,https://a.espncdn.com/i/teamlogos/ncaa/500/265.png,29,West Coast Conference,WCC
630,Wayland Baptist Pioneers,WAYLAND,,,,
2691,Webber International Warriors,WEBBINT,,,,
2692,Weber State Wildcats,WEB,https://a.espncdn.com/i/teamlogos/ncaa/500/2692.png,5,Big Sky Conference,Big Sky
2698,West Georgia Wolves,WGA,https://a.espncdn.com/i/teamlogos/ncaa/500/2698.png,46,ASUN Conference,ASUN
277,West Virginia Mountaineers,WVU,https://a.espncdn.com/i/teamlogos/ncaa/500/277.png,8,Big 12 Conference,Big 12
455,West Virginia Wesleyan Bobcats,WVWC,https://a.espncdn.com/i/teamlogos/ncaa/500/455.png,,,
111910,Westcliff Warriors,WCLF,,,,
2717,Western Carolina Catamounts,WCU,https://a.espncdn.com/i/teamlogos/ncaa/500/2717.png,24,Southern Conference,SoCon
112694,Western Colorado Mountaineers,WCOL,,,,
2710,Western Illinois Leathernecks,WIU,https://a.espncdn.com/i/teamlogos/ncaa/500/2710.png,20,Ohio Valley Conference,OVC
98,Western Kentucky Hilltoppers,WKU,https://a.espncdn.com/i/teamlogos/ncaa/500/98.png,11,Conference USA,CUSA
2711,Western Michigan Broncos,WMU,https://a.espncdn.com/i/teamlogos/ncaa/500/2711.png,14,Mid-American Conference,MAC
2703,Western New Mexico Mustangs,WNMU,https://a.espncdn.com/i/teamlogos/ncaa/500/2703.png,,,
2848,Western Oregon Wolves,WORU,https://a.espncdn.com/i/teamlogos/ncaa/500/2848.png,,,
433,Westminster (MO) Blue Jays,WCMO,https://a.espncdn.com/i/teamlogos/ncaa/500/433.png,,,
2849,Westminster (PA) Titans,WCPA,https://a.espncdn.com/i/teamlogos/ncaa/500/2849.png,,,
224,Westminster (UT) Griffins,WUUT,,,,
2850,Whittier Poets,WHI,https://a.espncdn.com/i/teamlogos/ncaa/500/2850.png,,,
2724,Wichita State Shockers,WICH,https://a.espncdn.com/i/teamlogos/ncaa/500/2724.png,62,American Conference,American
2930,Willamette Bearcats,WLMT,https://a.espncdn.com/i/teamlogos/ncaa/500/2930.png,,,
2729,William & Mary Tribe,W&M,https://a.espncdn.com/i/teamlogos/ncaa/500/2729.png,10,Coastal Athletic Association,CAA
2730,William Carey Crusaders,WILC,,,,
108807,William Peace Pacers,WPEA,,,,
2931,William Woods Owls,WLWD,,,,
2737,Winthrop Eagles,WIN,https://a.espncdn.com/i/teamlogos/ncaa/500/2737.png,6,Big South Conference,Big South
275,Wisconsin Badgers,WIS,https://a.espncdn.com/i/teamlogos/ncaa/500/275.png,7,Big Ten Conference,Big Ten
2744,Wisconsin-Stout Blue Devils,UWST,https://a.espncdn.com/i/teamlogos/ncaa/500/2744.png,,,
2747,Wofford Terriers,WOF,https://a.espncdn.com/i/teamlogos/ncaa/500/2747.png,24,Southern Conference,SoCon
2750,Wright State Raiders,WRST,https://a.espncdn.com/i/teamlogos/ncaa/500/2750.png,45,Horizon League,Horizon
2751,Wyoming Cowboys,WYO,https://a.espncdn.com/i/teamlogos/ncaa/500/2751.png,44,Mountain West Conference,Mountain West
2753,Xavier (LA) Gold Nuggets,XAVL,,,,
2752,Xavier Musketeers,XAV,https://a.espncdn.com/i/teamlogos/ncaa/500/2752.png,4,Big East Conference,Big East
43,Yale Bulldogs,YALE,https://a.espncdn.com/i/teamlogos/ncaa/500/43.png,12,Ivy League,Ivy
122196,York (NY) Cardinals,YKNY,,,,
109998,York College Nebraska Panthers,YUNE,,,,
2754,Youngstown State Penguins,YSU,https://a.espncdn.com/i/teamlogos/ncaa/500/2754.png,45,Horizon League,Horizon
